<?xml version="1.0" encoding="UTF-8"?>
<addon id="plugin.video.thedaretv" version="0.3" name="The Dare TV" provider-name="The_Silencer and HIGHWAY99">
	<requires>
		<import addon="xbmc.python" version="2.0"/>
		<import addon="script.module.urlresolver"  version="2.0.9"/>
		<import addon="script.module.t0mm0.common" version="2.1.1"/>
		<import addon="script.module.metahandler"  version="2.0.3"/>
		<import addon="script.module.universal" version="1.0.1" />
	</requires>
	<extension point="xbmc.python.pluginsource" library="default.py">
		<provides>video</provides>
	</extension>
	<extension point="xbmc.addon.metadata">
		<summary>Browse www.thedarewall.com</summary>
		<description>Play a wide selection of movies, tv-shows and live content from www.thedarewall.com</description>
		<platform>all</platform>
	</extension>
</addon>