<?xml version="1.0" encoding="UTF-8"?>
<addon id="plugin.game.tankshot"
       name="Tank Warfare"
       version="0.0.3"
       provider-name="The[COLOR tan]Highway[/COLOR]">
  <requires>
  	<import addon="xbmc.python" version="2.1.0"/>
  	<import addon="script.module.addon.common" optional="true" />
  	<import addon="script.module.t0mm0.common" optional="true" />
  	<import addon="script.common.plugin.cache" optional="true" />
  	<import addon="script.module.urlresolver" optional="true" />
  </requires>
  <extension point="xbmc.python.script" library="default.py">
  	<provides>executable game</provides>
  </extension>
  <extension point="xbmc.addon.metadata">
  	<summary>Game</summary>
  	<description>IRC Chat Channel: #TVADDONS @ chat.freenode.net</description>
  	<disclaimer>By using this, you take reponsibility for anything that happens.</disclaimer>
  	<language>en</language>
  	<platform>all</platform>
    <forum>http://forums.tvaddons.ag/forums/143-THEHIGHWAY-S-XBMC-ADDONS</forum>
    <website>http://www.tvaddons.ag/</website>
    <source>https://github.com/HIGHWAY99/</source>
    <email></email>
  </extension>
</addon>