<?xml version="1.0" encoding="UTF-8" standalone="yes"?>
<addon id="repository.Coolwave" name="Coolwave REPO" version="0.0.1" provider-name="Coolwave">
	<extension point="xbmc.addon.repository" name="Coolwave's Addon Repository">
		<info compressed="false">http://github.com/Coolwave/repository.Coolwave/raw/master/repo/addons.xml</info>
		<checksum>http://github.com/Coolwave/repository.Coolwave/raw/master/repo/addons.xml.md5</checksum>
		<datadir zip="true">http://github.com/Coolwave/repository.Coolwave/raw/master/repo/</datadir>
	</extension>
	<extension point="xbmc.addon.metadata">
		<summary>Install MY Addons</summary>
		<description>Download and install addons from Coolwave.......For OFFICIAL !! Support Visit XBMCHUB.COM</description>
		<platform>all</platform>
	</extension>
</addon>

