<?xml version="1.0" encoding="UTF-8"?>
<addon id="plugin.video.solarmovie.so"
       name="S[COLOR goldenrod]o[/COLOR]lar[COLOR yellow]M[/COLOR][COLOR grey]ovie.so[/COLOR]"
       version="0.4.7"
       provider-name="The[COLOR tan]Highway[/COLOR]">
  <requires>
  	<import addon="xbmc.python" version="2.1.0" />
  	<import addon="script.module.metahandler" />
  	<import addon="script.module.urlresolver" />
  	<import addon="script.common.plugin.cache" />
  	<import addon="script.module.addon.common" optional="true" />
  	<import addon="script.module.t0mm0.common" optional="true" />
  	<import addon="script.module.pysqlite" optional="true" />
  	<import addon="script.module.sqlite" optional="true" />
  </requires>
  <extension point="xbmc.python.pluginsource" library="default.py">
  	<provides>video</provides>
  </extension>
  <extension point="xbmc.addon.metadata">
  	<summary>Handles Videos for SolarMovie.so</summary>
  	<description>Play Movies and TV shows from SolarMovie.so.  Some of the Features:  Custom Labels for Multiple-Folder Favorites, Libraries, Find Air-Dates, Search, Advance Search, Some Download compatibility.  Make sure that if you dont already have them installed to also install metahandlers, urlresolver, either t0mm0.common or addon.common and simple cache.</description>
  	<disclaimer>By using this, you take reponsibility for anything that happens.  By using this, you also take resposibility for being older enough, and legal, to view any possible content.  Some parts of this addon may not be legal in your country of residence - please check with your local laws before installing. I take no responsibility for any problems this plugin might in any way, form, shape or size cause. This is project is for a LEARNING EXPERIANCE.</disclaimer>
  	<language>en</language>
  	<platform>all</platform>
    <forum></forum>
    <website></website>
    <source></source>
  	<email></email>
  </extension>
</addon>