<?xml version="1.0" encoding="UTF-8"?>
<addon id="plugin.video.codelyokoevolution"
       name="[COLOR white][COLOR purple]C[/COLOR][COLOR cornflowerblue]o[/COLOR]de Ly[COLOR cornflowerblue]o[/COLOR]k[COLOR cornflowerblue]o[/COLOR] Ev[COLOR cornflowerblue]o[/COLOR]luti[COLOR cornflowerblue]o[/COLOR]n[/COLOR]"
       version="0.1.5"
       provider-name="The[COLOR tan]Highway[/COLOR]">
  <requires>
  	<import addon="xbmc.python" version="2.1.0"/>
  	<import addon="script.module.urlresolver" />
  	<import addon="script.module.requests" />
  	<import addon="script.module.metahandler" />
  	<import addon="script.module.t0mm0.common" optional="true" />
  	<import addon="script.module.addon.common" optional="true" />
  	<import addon="script.common.plugin.cache" optional="true" />
  </requires>
  <extension point="xbmc.python.pluginsource" library="default.py">
  	<provides>video</provides>
  </extension>
  <extension point="xbmc.addon.metadata">
  	<summary>Handles Videos for http://codelyokoevolutionfan.webs.com/</summary>
  	<description>http://codelyokoevolutionfan.webs.com/</description>
  	<disclaimer lang="en">This Project is designed for xbmc v13.x originally and currently being kept up on one of the nightly xbmc v13.x builds. It gets a slight bit of testing as I use it myself, a LOT, on a Windows 7 OS. Any other OS's / builds of xbmc have not be tested on yet, but I do feel free to try and test it out on them. Some parts of this addon may not be legal in your country of residence - please check with your local laws before installing. I take no responsibility for any problems this plugin might in any way, form, shape or size cause. This is project is for a LEARNING EXPERIANCE.</disclaimer>
  	<language>en</language>
  	<platform>all</platform>
    <forum>http://forums.tvaddons.ag/forums/143-THEHIGHWAY-S-XBMC-ADDONS/</forum>
    <website>http://www.tvaddons.ag/</website>
  </extension>
</addon>