<?xml version="1.0" encoding="UTF-8"?>
<addon id="plugin.audio.searchmp3mobi"
       name="[I][/I]SearchMP3.mobi"
       version="0.2.9"
       provider-name="The[COLOR tan]Highway[/COLOR]">
  <requires>
  	<import addon="xbmc.python" version="2.0"/>
  	<import addon="script.module.t0mm0.common" version="1.0.0"/>
  	<import addon="plugin.video.youtube" version="4.4.6"/>
  </requires>
  <extension point="xbmc.python.pluginsource" library="default.py">
  	<provides>audio</provides>
  </extension>
  <extension point="xbmc.addon.metadata">
  	<summary>Handles Videos for MovieFork.com</summary>
  	<description>Play Movies and TV shows from MovieFork.com.  Initial Project forked from plugin.video.solarmovie.so.</description>
  	<disclaimer lang="en">This Project is designed for xbmc v13.x originally and currently being kept up on one of the nightly xbmcc v13.x builds. It gets a slight bit of testing as I use it myself, a LOT, on a Windows 7 OS. Any other OS's / builds of xbmc have not be tested on yet, but I do feel free to try and test it out on them. Some parts of this addon may not be legal in your country of residence - please check with your local laws before installing. I take no responsibility for any problems this plugin might in any way, form, shape or size cause. This is project is for a LEARNING EXPERIANCE.</disclaimer>
  	<language>en</language>
  	<platform>all</platform>
  	<forum>http://www.xbmchub.com/forums/general-video-addon-discussion/9090-%5Binitial-release%5D-animeget-anime44.html</forum>
  	<website>http://github.com/HIGHWAY99/plugin.audio.searchmp3mobi/</website>
  	<email></email>
  	<source>http://github.com/HIGHWAY99/plugin.audio.searchmp3mobi/archive/master.zip</source>
  </extension>
</addon>