<?xml version="1.0" encoding="UTF-8"?>
<addon id="plugin.game.match.cards"
       name="Match Cards"
       version="1.0.0"
       provider-name="The[COLOR tan]Highway[/COLOR]">
  <requires>
  	<import addon="xbmc.python" version="2.1.0"/>
  	<import addon="script.module.addon.common" optional="true" />
  	<import addon="script.module.t0mm0.common" optional="true" />
  	<import addon="script.common.plugin.cache" optional="true" />
  	<import addon="script.module.urlresolver" optional="true" />
  </requires>
  <extension point="xbmc.python.script" library="default.py">
  	<provides>executable game</provides>
  </extension>
  <extension point="xbmc.addon.metadata">
  	<summary>Card game.</summary>
  	<description>Try to match cards of the same type in this old fashioned card game.</description>
  	<disclaimer>By using this, you take reponsibility for anything that happens.</disclaimer>
  	<language>en</language>
  	<platform>all</platform>
    <forum></forum>
    <website></website>
    <source></source>
    <email></email>
  </extension>
</addon>