<?xml version="1.0" encoding="UTF-8"?>
<addon id="plugin.video.moviefork"
       name="Movie Fork"
       version="0.3.1"
       provider-name="The[COLOR tan]Highway[/COLOR]">
  <requires>
  	<import addon="xbmc.python" version="2.1.0"/>
  	<import addon="script.module.t0mm0.common" />
  	<import addon="plugin.video.youtube" />
  	<import addon="script.module.metahandler" />
  	<import addon="script.module.urlresolver" optional="true" />
  	<import addon="script.module.addon.common" optional="true" />
  	<import addon="script.common.plugin.cache" optional="true" />
  </requires>
  <extension point="xbmc.python.pluginsource" library="default.py">
  	<provides>video</provides>
  </extension>
  <extension point="xbmc.addon.metadata">
  	<summary>Handles Videos for MovieFork.com</summary>
  	<description>Play Movies and TV shows from MovieFork.com.  Initial Project forked from plugin.video.solarmovie.so.</description>
  	<disclaimer lang="en">This Project is designed for xbmc v13.x originally and currently being kept up on one of the nightly xbmcc v13.x builds. It gets a slight bit of testing as I use it myself, a LOT, on a Windows 7 OS. Any other OS's / builds of xbmc have not be tested on yet, but I do feel free to try and test it out on them. Some parts of this addon may not be legal in your country of residence - please check with your local laws before installing. I take no responsibility for any problems this plugin might in any way, form, shape or size cause. This is project is for a LEARNING EXPERIANCE.</disclaimer>
  	<language>en</language>
  	<platform>all</platform>
  	<forum></forum>
  	<website></website>
  	<email></email>
  	<source></source>
  </extension>
</addon>