<?xml version="1.0" encoding="UTF-8"?>
<addon id="plugin.program.hubhug.turkeyhunt" provider-name="The[COLOR tan]Highway[/COLOR]"
       version="1.0.0" name="HUB-HUG Turkey Hunt">
  <requires>
  	<import addon="xbmc.python" version="2.1.0" />
  	<import addon="script.module.addon.common"  />
  </requires>
  <extension point="xbmc.python.script" library="default.py">
    <provides>executable game</provides>
  </extension>
  <extension point="xbmc.addon.metadata">
  	<summary>This is part of the HUB-HUG movement, to release playful addons of a fun, enjoyable nature... to inspire happiness, togetherness, and good vibes.  Let's all work together to promote joyful, peaceful, even playful movements online.  Down with the bad tidings, up with the HUB.  ONWARDS AND HUBWARDS.</summary>
  	<description>This is a duck shot type game.  I'd suggest having a mouse or similar device.  Some Graphics by Marquerite.</description>
  	<disclaimer>By using this, you take reponsibility for anything that happens.  I take no responsibility for any problems this plugin might in any way, form, shape or size cause. This is project is for a LEARNING EXPERIANCE.</disclaimer>
  	<language>en</language>
  	<platform>all</platform>
  	<forum>http://forums.tvaddons.ag/forums/143-THEHIGHWAY-S-XBMC-ADDONS</forum>
  	<website>http://www.tvaddons.ag/</website>
  	<source></source>
  	<email></email>
  </extension>
</addon>
