<?xml version="1.0" encoding="UTF-8" standalone="yes"?>
<window type="window">
    <controls>
        <control type="image" id="100">
            <description>Background Layer 1 Bottom</description>
            <posx>0</posx>
            <posy>0</posy>
            <width>ScreenWidth</width>
            <height>ScreenHeight</height>
            <texture>blank1.png</texture>
        </control>
        <control type="image" id="101">
            <description>Background Layer 2 Top</description>
            <posx>0</posx>
            <posy>0</posy>
            <width>ScreenWidth</width>
            <height>ScreenHeight</height>
            <texture>blank1.png</texture>
            <aspectratio scalediffuse="false" align="center" aligny="top">stretch</aspectratio>
        </control>
    </controls>
</window>
