<?xml version="1.0" encoding="UTF-8"?>
<addon id="plugin.devtool.keytool"
       name="Glitch (Key Tool)"
       version="0.1.0"
       provider-name="The[COLOR tan]Highway[/COLOR]">
  <requires>
  	<import addon="xbmc.python" version="2.1.0"/>
  	<import addon="script.module.urlresolver" optional="true" />
  	<import addon="script.module.addon.common" optional="true" />
  	<import addon="script.module.t0mm0.common" optional="true" />
  	<import addon="script.common.plugin.cache" optional="true" />
  </requires>
  <extension point="xbmc.python.script" library="default.py">
  	<provides>executable</provides>
  </extension>
  <extension point="xbmc.addon.metadata">
  	<summary>Glitch</summary>
  	<description>A "Key Tool" for use with XBMC / Kodi.</description>
  	<disclaimer>By using this, you take reponsibility for anything that happens.  This is project is for a LEARNING EXPERIANCE.</disclaimer>
  	<language>en</language>
  	<platform>all</platform>
  	<forum></forum>
  	<website>http://webchat.snoonet.org/#The_Projects</website>
  	<source></source>
  	<email></email>
  </extension>
</addon>