<?xml version="1.0" encoding="UTF-8"?>
<window>
	<onload condition="Skin.HasSetting(TvTunes) + !SubString(Window(Videos).Property(CinemaExperienceRunning),True)">RunScript(script.tvtunes,backend=True)</onload>
	<onload condition="Skin.HasSetting(NextAired)">RunScript(script.tv.show.next.aired,backend=True)</onload>
	<defaultcontrol always="true">50</defaultcontrol>
	<allowoverlay>no</allowoverlay>
	<views>50,51,52,53,54,55,57,58,59,589,590,592,596,598,599</views>
	<controls>
		<include condition="Skin.HasSetting(VideoBackgrounds)">CommonVideoPlayingBackground</include>
		<control type="multiimage">
			<posx>0</posx>
			<posy>0</posy>
			<width>1280</width>
			<height>720</height>
			<timeperimage>5000</timeperimage>
			<randomize>true</randomize>
			<fadetime>2000</fadetime>
			<imagepath fallback="special://skin/backgrounds/background-videos.jpg" background="true">$INFO[Skin.String(Custom_Back_Videos_Folder)]</imagepath>
			<aspectratio>scale</aspectratio>
			<include condition="Skin.HasSetting(AnimateBackgrounds)">backgroundanimation</include>
			<include>VisibleFadeEffect</include>
			<visible>[IsEmpty(ListItem.Property(Fanart_Image)) + IsEmpty(Fanart.Image) + !substring(Container.FolderPath,videodb://movies/) + !substring(Container.FolderPath,videodb://tvshows/) + !substring(Container.FolderPath,videodb://musicvideos/) + !substring(Container.FolderPath,videodb://recentlyaddedmovies/) + !substring(Container.FolderPath,videodb://recentlyaddedepisodes/)] + ![Player.HasVideo + Skin.HasSetting(VideoBackgrounds)]</visible>
		</control>
		<control type="multiimage">
			<posx>0</posx>
			<posy>0</posy>
			<width>1280</width>
			<height>720</height>
			<timeperimage>5000</timeperimage>
			<randomize>true</randomize>
			<fadetime>2000</fadetime>
			<imagepath fallback="special://skin/backgrounds/background-movies.jpg" background="true">$INFO[Skin.String(Custom_Back_Movies_Folder)]</imagepath>
			<aspectratio>scale</aspectratio>
			<include condition="Skin.HasSetting(AnimateBackgrounds)">backgroundanimation</include>
			<include>VisibleFadeEffect</include>
			<visible>IsEmpty(ListItem.Property(Fanart_Image)) + IsEmpty(Fanart.Image) + [substring(Container.FolderPath,videodb://movies/) | substring(Container.FolderPath,videodb://recentlyaddedmovies/)] + ![Control.IsVisible(592) + !Window.IsVisible(MovieInformation)] + ![Player.HasVideo + Skin.HasSetting(VideoBackgrounds)]</visible>
		</control>
		<control type="multiimage">
			<posx>0</posx>
			<posy>0</posy>
			<width>1280</width>
			<height>720</height>
			<timeperimage>5000</timeperimage>
			<randomize>true</randomize>
			<fadetime>2000</fadetime>
			<imagepath fallback="special://skin/backgrounds/background-tvshows.jpg" background="true">$INFO[Skin.String(Custom_Back_TVShows_Folder)]</imagepath>
			<aspectratio>scale</aspectratio>
			<include condition="Skin.HasSetting(AnimateBackgrounds)">backgroundanimation</include>
			<include>VisibleFadeEffect</include>
			<visible>IsEmpty(ListItem.Property(Fanart_Image)) + IsEmpty(Fanart.Image) + [substring(Container.FolderPath,videodb://tvshows/) | substring(Container.FolderPath,videodb://recentlyaddedepisodes/)] + ![[Control.IsVisible(592) | Control.IsVisible(598)] + !Window.IsVisible(MovieInformation)] + ![Player.HasVideo + Skin.HasSetting(VideoBackgrounds)]</visible>
		</control>
		<control type="multiimage">
			<posx>0</posx>
			<posy>0</posy>
			<width>1280</width>
			<height>720</height>
			<timeperimage>5000</timeperimage>
			<randomize>true</randomize>
			<fadetime>2000</fadetime>
			<imagepath fallback="special://skin/backgrounds/background-musicvideos.jpg" background="true">$INFO[Skin.String(Custom_Back_MusicVideos_Folder)]</imagepath>
			<aspectratio>scale</aspectratio>
			<include condition="Skin.HasSetting(AnimateBackgrounds)">backgroundanimation</include>
			<include>VisibleFadeEffect</include>
			<visible>IsEmpty(ListItem.Property(Fanart_Image)) + IsEmpty(Fanart.Image) + substring(Container.FolderPath,videodb://musicvideos/) + ![Control.IsVisible(598) + !Window.IsVisible(MovieInformation)] + ![Player.HasVideo + Skin.HasSetting(VideoBackgrounds)]</visible>
		</control>
		<include condition="Skin.HasSetting(MoviesExtraFanart) + !Skin.HasSetting(SafeMode)">fanart-extra-movies</include>
		<include condition="Skin.HasSetting(TVShowsExtraFanart) + !Skin.HasSetting(SafeMode)">fanart-extra-tvshows</include>
		<include condition="Skin.HasSetting(MusicVideosExtraFanart) + !Skin.HasSetting(SafeMode)">fanart-extra-musicvideos</include>
		<control type="image">
			<posx>0</posx>
			<posy>0</posy>
			<width>1280</width>
			<height>720</height>
			<texture background="true">$INFO[Fanart.Image]</texture>
			<aspectratio>scale</aspectratio>
			<fadetime>FanartCrossfadeTime</fadetime>
			<include>VisibleFadeEffect</include>
			<include condition="Skin.HasSetting(AnimateFanart)">backgroundanimation</include>
			<visible>[[Container.Content(Seasons) | Container.Content(Episodes)] + stringcompare(ListItem.Label,..)] + ![Container.Content(Seasons) + Skin.HasSetting(TVShowsExtraFanart) + !IsEmpty(Control.GetLabel(6105)) + !stringcompare(ListItem.Label,..)] + ![Container.Content(Episodes) + Skin.HasSetting(TVShowsExtraFanart) + !IsEmpty(Control.GetLabel(6106)) + !stringcompare(ListItem.Label,..)] + !IsEmpty(Fanart.Image) + ![[Control.IsVisible(592) | Control.IsVisible(598)] + !Window.IsVisible(MovieInformation)] + ![Player.HasVideo + Skin.HasSetting(VideoBackgrounds)]</visible>
		</control>
		<control type="image">
			<posx>0</posx>
			<posy>0</posy>
			<width>1280</width>
			<height>720</height>
			<texture background="true">$INFO[ListItem.Property(Fanart_Image)]</texture>
			<aspectratio>scale</aspectratio>
			<fadetime>FanartCrossfadeTime</fadetime>
			<include>VisibleFadeEffect</include>
			<include condition="Skin.HasSetting(AnimateFanart)">backgroundanimation</include>
			<visible>![Container.Content(Movies) + Skin.HasSetting(MoviesExtraFanart) + !IsEmpty(Control.GetLabel(6102))] + ![[Container.Content(TVShows) | Container.Content(Seasons)] + Skin.HasSetting(TVShowsExtraFanart) + !IsEmpty(Control.GetLabel(6105))] + ![Container.Content(Episodes) + Skin.HasSetting(TVShowsExtraFanart) + !IsEmpty(Control.GetLabel(6106))] + ![Container.Content(MusicVideos) + Skin.HasSetting(MusicVideosExtraFanart) + !IsEmpty(Control.GetLabel(6107))] + !IsEmpty(ListItem.Property(Fanart_Image)) + ![[Control.IsVisible(592) | Control.IsVisible(598)] + !Window.IsVisible(MovieInformation)] + ![Player.HasVideo + Skin.HasSetting(VideoBackgrounds)]</visible>
		</control>
		<control type="image">
			<posx>0</posx>
			<posy>0</posy>
			<width>1280</width>
			<height>720</height>
			<texture background="true">$INFO[Skin.String(Video_Genre_Folder)]$INFO[ListItem.Label,,.jpg]</texture>
			<aspectratio>scale</aspectratio>
			<fadetime>FanartCrossfadeTime</fadetime>
			<include>VisibleFadeEffect</include>
			<include condition="Skin.HasSetting(AnimateFanart)">backgroundanimation</include>
			<visible>Container.Content(Genres) + Skin.HasSetting(VideoGenreBackgrounds) + ![Player.HasVideo + Skin.HasSetting(VideoBackgrounds)]</visible>
		</control>
		<include condition="Skin.HasSetting(SeasonFanart) + !Skin.HasSetting(SafeMode)">fanart-seasons</include>
		<include condition="Skin.HasSetting(TVLogo) + !Skin.HasSetting(SafeMode)">logo-tv</include>
		<include condition="Skin.HasSetting(MovieLogo) + !Skin.HasSetting(SafeMode)">logo-movies</include>
		<include condition="Skin.HasSetting(VizBackgrounds)">CommonVisualizationBackground</include>
		<control type="group">
			<include>ContentFade</include>
			<include condition="!Skin.HasSetting(Hide-Videos-CoverFlow)">CoverFlow-Movies</include>			<!-- view id=55 -->
			<include condition="!Skin.HasSetting(Hide-Videos-Icons)">Icons-Movies</include>				<!-- view id=57 -->
			<include condition="!Skin.HasSetting(Hide-Videos-Item)">Item</include>					<!-- view id=590 -->
			<include condition="!Skin.HasSetting(Hide-Videos-Slide)">Slide</include>				<!-- view id=596 -->
			<include condition="!Skin.HasSetting(Hide-Videos-Wall)">Wall-Movies</include>				<!-- view id=592 -->
			<include condition="!Skin.HasSetting(Hide-Videos-Wall)">Wall-Episodes</include>				<!-- view id=598 -->
			<include condition="!Skin.HasSetting(Hide-Videos-Wall)">Thumbwall-Videos</include>			<!-- view id=589 -->
		</control>
		<control type="group">
			<include>ContentFade</include>
			<include>Window_OpenClose_Right_Panel_Animation</include>
			<control type="group">
				<animation effect="slide" start="0,0" end="1105,0" time="300" tween="quadratic" easing="out" condition="[Control.IsVisible(55) | Control.IsVisible(57) | Control.IsVisible(589) | Control.IsVisible(590) | Control.IsVisible(592) | Control.IsVisible(596) | Control.IsVisible(598)]">Conditional</animation>
				<animation effect="slide" start="0,0" end="700,111" time="300" tween="quadratic" easing="out" condition="Control.IsVisible(50) + !Skin.HasSetting(FanartShort) + !Skin.HasSetting(FanartLong)">Conditional</animation>
				<animation effect="slide" start="0,0" end="700,257" time="300" tween="quadratic" easing="out" condition="Control.IsVisible(50) + Skin.HasSetting(FanartShort)">Conditional</animation>
				<animation effect="slide" start="0,0" end="700,-122" time="300" tween="quadratic" easing="out" condition="Control.IsVisible(50) + Skin.HasSetting(FanartLong)">Conditional</animation>
				<animation effect="slide" start="0,0" end="75,0" time="200" delay="200" tween="quadratic" easing="out" condition="Skin.HasSetting(WideSideMenuButtons) + ControlGroup(9000).HasFocus + ![Control.IsVisible(50) | Control.IsVisible(55) | Control.IsVisible(590) | Control.IsVisible(592) | Control.IsVisible(596) | Control.IsVisible(598)]">Conditional</animation>
				<include>ContentPanel</include>
				<include condition="!Skin.HasSetting(Hide-Videos-FullList)">FullList-Videos</include>		<!-- view id=52 -->
				<include condition="!Skin.HasSetting(Hide-Videos-List)">List-Videos</include>			<!-- view id=51 -->
				<include condition="!Skin.HasSetting(Hide-Videos-Thumbnail)">Thumbnail-Videos</include>		<!-- view id=53 -->
				<include condition="!Skin.HasSetting(Hide-Videos-WideIcon)">WideIcon</include>			<!-- view id=54 -->
				<include>Fanart-Videos</include>								<!-- view id=50 -->
				<include condition="!Skin.HasSetting(Hide-Videos-MediaInfo)">MediaInfo-Movies</include>		<!-- view id=58 -->
				<include condition="!Skin.HasSetting(Hide-Videos-MediaInfo)">MediaInfo-TVShows</include>	<!-- view id=59 -->
				<include condition="!Skin.HasSetting(Hide-Videos-MediaInfo)">MediaInfo-AddOns</include>		<!-- view id=599 -->
				<include>AllViewCommonPageControls</include>
				<include>ScrollOffsetLabel</include>
			</control>
		</control>
		<control type="group">
			<include>ContentFade2</include>
			<include condition="!Skin.HasSetting(Hide-Videos-FullList)">FullList_Extras</include>
			<include condition="!Skin.HasSetting(Hide-Videos-List)">List_Extras</include>
			<include condition="!Skin.HasSetting(Hide-Videos-Thumbnail)">Thumbnail-Videos_Extras</include>
			<include condition="!Skin.HasSetting(Hide-Videos-Icons)">Icons-Movies_Extras</include>
			<include condition="!Skin.HasSetting(Hide-Videos-MediaInfo)">MediaInfo-Movies_Extras</include>
			<include>Fanart-Videos_Root_Extras</include>
			<include>Fanart-Videos_Extras</include>
		</control>
		<control type="group">
			<posy>23</posy>
			<include>ContentFade</include>
			<include>Window_OpenClose_Left_Panel_Animation</include>
			<include>CommonNowPlaying</include>
			<visible>![Skin.HasSetting(KioskMode) + !Player.HasMedia]</visible>
			<control type="group" id="9000">
				<include condition="!Skin.HasSetting(WideSideMenuButtons)">Window_OpenClose_Left_Panel_Position_Normal</include>
				<include condition="Skin.HasSetting(WideSideMenuButtons)">Window_OpenClose_Left_Panel_Position_Wide</include>
				<include>SideMenuAnim</include>
				<control type="image">
					<posx>0</posx>
					<posy>-16</posy>
					<height>16</height>
					<texture border="0,0,10,0">shadow-top2.png</texture>
					<include condition="!Skin.HasSetting(WideSideMenuButtons)">ButtonCommonValuesNormal</include>
					<include condition="Skin.HasSetting(WideSideMenuButtons)">ButtonCommonValuesWide</include>
				</control>
				<control type="button" id="2">
					<description>View As button</description>
					<posx>0</posx>
					<posy>0</posy>
					<include>ButtonCommonValues</include>
					<label>-</label>
					<onleft>50</onleft>
					<onright>50</onright>
					<onup>22</onup>
					<ondown>3</ondown>
					<visible>!Skin.HasSetting(KioskMode)</visible>
				</control>
				<control type="button" id="3">
					<description>Sort by button</description>
					<posx>0</posx>
					<posy>45</posy>
					<include>ButtonCommonValues</include>
					<label>103</label>
					<onleft>50</onleft>
					<onright>4</onright>
					<onup>2</onup>
					<ondown>10</ondown>
					<visible>!Skin.HasSetting(KioskMode)</visible>
				</control>
				<control type="togglebutton" id="4">
					<description>Sort asc</description>
					<posy>63</posy>
					<width>15</width>
					<height>15</height>
					<label>-</label>
					<onleft>3</onleft>
					<onright>50</onright>
					<onup>2</onup>
					<ondown>10</ondown>
					<include condition="!Skin.HasSetting(WideSideMenuButtons)">ToggleButtonNormal</include>
					<include condition="Skin.HasSetting(WideSideMenuButtons)">ToggleButtonWide</include>
					<visible>!Skin.HasSetting(KioskMode)</visible>
				</control>
				<control type="button" id="10">
					<description>Watched Toggle</description>
					<posx>0</posx>
					<posy>90</posy>
					<include>ButtonCommonValues</include>
					<label>20367</label>
					<onleft>50</onleft>
					<onright>50</onright>
					<onup>3</onup>
					<ondown>8</ondown>
					<visible>!Skin.HasSetting(KioskMode)</visible>
				</control>
				<control type="button" id="8">
					<description>Search</description>
					<posx>0</posx>
					<posy>135</posy>
					<include>ButtonCommonValues</include>
					<label>137</label>
					<onleft>50</onleft>
					<onright>50</onright>
					<onup>10</onup>
					<ondown>19</ondown>
					<visible>!Skin.HasSetting(KioskMode)</visible>
				</control>
				<control type="edit" id="19">
					<description>Filter</description>
					<posx>0</posx>
					<posy>180</posy>
					<include>ButtonCommonValues</include>
					<label>587</label>
					<onleft>50</onleft>
					<onright>50</onright>
					<onup>8</onup>
					<ondown>23</ondown>
					<visible>Container.CanFilter + !Container.CanFilterAdvanced + !Skin.HasSetting(KioskMode)</visible>
				</control>
				<control type="radiobutton" id="23">
					<description>Advanced Filter</description>
					<posx>0</posx>
					<posy>180</posy>
					<include>ButtonCommonValues</include>
					<label>587</label>
					<onleft>50</onleft>
					<onright>50</onright>
					<onup>8</onup>
					<ondown>20</ondown>
					<onclick>right</onclick>
					<onclick>Filter</onclick>
					<selected>Container.Filtered</selected>
					<visible>Container.CanFilterAdvanced + !Skin.HasSetting(KioskMode)</visible>
				</control>
				<control type="togglebutton" id="20">
					<description>Update Library</description>
					<posx>0</posx>
					<posy>225</posy>
					<include>ButtonCommonValues</include>
					<label>653</label>
					<altlabel>13353</altlabel>
					<alttexturefocus border="5">button-focus.png</alttexturefocus>
					<alttexturenofocus>-</alttexturenofocus>
					<usealttexture>library.isscanningvideo</usealttexture> 
					<onleft>3</onleft>
					<onright>50</onright>
					<onup>23</onup>
					<ondown>16</ondown>
					<visible>!Skin.HasSetting(KioskMode)</visible>
				</control>
				<control type="radiobutton" id="16">
					<description>PartyMode</description>
					<posx>0</posx>
					<posy>270</posy>
					<include>ButtonCommonValues</include>
					<label>589</label>
					<onleft>50</onleft>
					<onright>50</onright>
					<onup>20</onup>
					<ondown>11</ondown>
					<visible>!Skin.HasSetting(KioskMode)</visible>
				</control>
				<control type="radiobutton" id="11">
					<description>Unlock Shares</description>
					<posx>0</posx>
					<posy>315</posy>
					<include>ButtonCommonValues</include>
					<label>12333</label>
					<onleft>50</onleft>
					<onright>50</onright>
					<onup>16</onup>
					<ondown>610</ondown>
					<pulseonselect>no</pulseonselect>
					<onclick>Xbmc.MasterMode</onclick>
					<selected>System.IsMaster</selected>
					<visible>System.HasLocks + !Skin.HasSetting(KioskMode)</visible>
				</control>
				<control type="button" id="610">
					<description>PlayerControls</description>
					<posx>0</posx>
					<posy>360</posy>
					<include>ButtonCommonValues</include>
					<label>16003</label>
					<onleft>50</onleft>
					<onright>50</onright>
					<onup>11</onup>
					<ondown>22</ondown>
					<onclick>ActivateWindow(playercontrols)</onclick>
					<animation effect="slide" start="0,0" end="0,-45" time="0" condition="!Control.IsVisible(11)">conditional</animation>
					<animation effect="slide" end="0,-360" time="0" condition="Skin.HasSetting(KioskMode)">Conditional</animation>
					<visible>Player.HasAudio | Player.HasVideo</visible>
				</control>
				<control type="button" id="22">
					<description>now playing</description>
					<posx>0</posx>
					<posy>405</posy>
					<include>ButtonCommonValues</include>
					<label>13350</label>
					<onleft>50</onleft>
					<onright>50</onright>
					<onup>610</onup>
					<ondown>2</ondown>
					<onclick>ActivateWindow(videoplaylist)</onclick>
					<animation effect="slide" start="0,0" end="0,-45" time="0" condition="!Control.IsVisible(11)">conditional</animation>
					<animation effect="slide" start="0,0" end="0,-45" time="0" condition="![Player.HasAudio | Player.HasVideo]">conditional</animation>
					<animation effect="slide" end="0,-270" time="0" condition="Skin.HasSetting(KioskMode)">Conditional</animation>
					<visible>!StringCompare(Playlist.Length(video),0)</visible>
				</control>
				<control type="image">
					<posx>0</posx>
					<posy>362</posy>
					<height>16</height>
					<texture border="0,0,10,0">shadow-bottom2.png</texture>
					<animation effect="slide" start="0,0" end="0,-45" time="0" condition="!Control.IsVisible(11)">conditional</animation>
					<animation effect="slide" end="0,45" time="0" condition="!StringCompare(Playlist.Length(video),0)">Conditional</animation>
					<animation effect="slide" end="0,45" time="0" condition="Player.HasVideo | Player.HasAudio">Conditional</animation>
					<animation effect="slide" end="0,-360" time="0" condition="Skin.HasSetting(KioskMode)">Conditional</animation>
					<include condition="!Skin.HasSetting(WideSideMenuButtons)">ButtonCommonValuesNormal</include>
					<include condition="Skin.HasSetting(WideSideMenuButtons)">ButtonCommonValuesWide</include>
				</control>
			</control>
		</control>
		<control type="group">
			<include>ContentFade</include>
			<include>Window_OpenClose_Header_Animation</include>
			<animation effect="slide" start="0,0" end="0,-75" time="300" tween="quadratic" easing="out" condition="Control.IsVisible(50) | Control.IsVisible(55) | Control.IsVisible(589) | Control.IsVisible(590) | Control.IsVisible(596)">Conditional</animation>
			<include condition="Skin.HasSetting(HateTransparency)">T-Header1</include>
			<control type="image">
				<posx>0</posx>
				<posy>0</posy>
				<width>1280</width>
				<height>74</height>
				<texture>Header.png</texture>
			</control>
			<include>CommonFileCount</include>
			<control type="grouplist">
				<include>Breadcrumbs</include>
				<include>Breadcrumbs-Videos</include>
			</control>
		</control>
		<include condition="Skin.HasSetting(NextAired)">NextAiredInfo</include>
		<include condition="Skin.HasSetting(TouchScreenMode)">TouchScreenControls</include>
		<include condition="Skin.HasSetting(DebugMode)">debuginfo</include>
	</controls>
</window>
