<?xml version="1.0" encoding="UTF-8"?>
<addon id="plugin.program.dreamcatcher"
       version="0.1.4" name="Dreamcatcher"
       provider-name="The[COLOR tan]Highway[/COLOR]">
  <requires>
  	<import addon="xbmc.python" version="2.1.0"/>
  	<import addon="script.module.t0mm0.common" />
  	<import addon="script.module.addon.common" optional="true" />
  	<import addon="script.common.plugin.cache" optional="true" />
  	<import addon="script.module.urlresolver" optional="true" />
  </requires>
  <extension point="xbmc.python.pluginsource" library="default.py">
  	<provides>video audio executable</provides>
  </extension>
  <extension point="xbmc.addon.metadata">
  	<summary>Download what your watching. Adjust Addon Settions before use.</summary>
  	<description>Downloads the file (video or music) currently playing.  This does not work for live streams.</description>
  	<disclaimer>By using this, you take reponsibility for anything that happens.  This is project is for a LEARNING EXPERIANCE.</disclaimer>
  	<language>en</language>
  	<platform>all</platform>
  	<forum></forum>
  	<website></website>
  	<source></source>
  	<email></email>
  </extension>
</addon>