<?xml version="1.0" encoding="UTF-8" standalone="yes"?>
<addon id="plugin.video.theanimehighway"
       name="Anime [COLOR tan]Highway[/COLOR]"
       version="0.1.2"
       provider-name="The[COLOR tan]Highway[/COLOR]">
  <requires>
    <import addon="xbmc.python" 								version="1.0.0"/>
    <import addon="script.module.urlresolver"  	version="1.0.0"/>
    <import addon="script.module.elementtree" 	version="1.2.7"/>
    <import addon="script.module.cryptopy" 			version="1.2.6"/>
    <import addon="script.module.simplejson"    version="2.0.10" optional="true"/>
    <import addon="script.module.t0mm0.common" 	version="1.1.0"/>
    <import addon="script.common.plugin.cache" 	version="0.9.1"/>
    <import addon="script.module.requests" version="1.1.0"/>
  </requires>
  <extension point="xbmc.python.pluginsource" 	library="theanimehighway.py">
		<provides>video</provides>
  </extension>
  <extension point="xbmc.addon.metadata">
    <summary lang="en">The Anime [COLOR tan]Highway[/COLOR] is a 3rd Party Video Plugin for XBMC</summary>
    <description lang="en">This plugin now handles videos from animeget.com, anime44.com, animeplus.tv, gooddrama.net, and more. I'm aware that GoodDrama isn't anime, but it was a simular site linked to by one or more of the others... so I tossed it into the plugin as well for you jdrama fans. I'm still learning with it comes to python and having the most basic of flaws throw trouble at me, so there's bound to be some features lacking as well as some extra code left in at times that may not have gotten cleaned up at release time.</description>
    <disclaimer lang="en">This Project is designed for xbmc v12.x originally and currently being kept up on one of the nightly xbmcc v13.x builds. It gets a slight bit of testing as I use it myself, a LOT, on a Windows 7 OS. Any other OS's / builds of xbmc have not be tested on yet, but I do feel free to try and test it out on them. Some parts of this addon may not be legal in your country of residence - please check with your local laws before installing. I take no responsibility for any problems this plugin might in any way, form, shape or size cause. This is project is for a LEARNING EXPERIANCE.</disclaimer>
    <language>en</language>
    <platform>all</platform>
    <forum>http://www.xbmchub.com/forums/general-video-addon-discussion/9090-%5Binitial-release%5D-animeget-anime44.html</forum>
    <website>http://github.com/HIGHWAY99/plugin.video.theanimehighway/</website>
    <email></email>
    <source>https://github.com/HIGHWAY99/plugin.video.theanimehighway/archive/master.zip</source>
  </extension>
</addon>
