<?xml version="1.0" encoding="UTF-8" standalone="yes"?>
<addon id="script.module.metahandler" 
	     name="metahandler" 
	     version="2.0.3" 
	     provider-name="Eldorado (inspired by anarchintosh, westcoast, daledude, t0mm0)">
  <requires>
    <import addon="xbmc.python" version="2.1.0" />
    <import addon="script.module.elementtree" version="1.2.7"/>
    <import addon="script.module.t0mm0.common" version="1.1.0"/>
	<import addon="script.module.myconnpy" version="0.3.2"/>
  </requires>
  <extension point="xbmc.python.module" library="lib" />
  <extension point="xbmc.addon.metadata">
    <platform>all</platform>
  </extension>
</addon>
