<?xml version="1.0" encoding="UTF-8"?>
<addon id="plugin.video.justanimestream"
       name="J[COLOR green]ust[/COLOR]A[COLOR white]nime[/COLOR]S[COLOR cornflowerblue]tream[/COLOR]"
       version="0.0.8"
       provider-name="The[COLOR tan]Highway[/COLOR]">
  <requires>
  	<import addon="xbmc.python" version="2.1.0"/>
  	<import addon="script.module.urlresolver"  />
  	<import addon="script.module.metahandler"  />
  	<import addon="script.module.addon.common" />
  	<import addon="script.common.plugin.cache" optional="true" />
  	<import addon="script.module.myconnpy" optional="true" />
  	<import addon="script.module.t0mm0.common" optional="true" />
  </requires>
  <extension point="xbmc.python.pluginsource" library="aJustAnimeStream.py">
  	<provides>video</provides>
  </extension>
  <extension point="xbmc.addon.metadata">
  	<summary>Addon for JustAnimeStream suggested by darkorical via IRC Chat.</summary>
  	<description>Video Addon for JustAnimeStream.net.  Graphics by Marquerite and TheHighway.</description>
  	<disclaimer>By using this, you take reponsibility for anything that happens.  By using this, you also take resposibility for being older enough, and legal, to view any possible content.  Some parts of this addon may not be legal in your country of residence - please check with your local laws before installing. I take no responsibility for any problems this plugin might in any way, form, shape or size cause. This is project is for a LEARNING EXPERIANCE.</disclaimer>
  	<language>en</language>
  	<platform>all</platform>
    <forum>http://forums.tvaddons.ag/threads/19229-Release-JustAnimeStream</forum>
  	<website>http://tvaddons.ag/</website>
    <source>https://github.com/HIGHWAY99/</source>
  </extension>
</addon>