<?xml version="1.0" encoding="UTF-8" standalone="yes"?>
<addon id="screensaver.nextepisode" name="Next Episode Screensaver" version="1.0.3" provider-name="The[COLOR tan]Highway[/COLOR]" >
  <requires>
     <import addon="xbmc.python" version="2.1.0" />
     <import addon="xbmc.addon"  version="12.0.0" />
     <import addon="script.module.addon.common" />
  </requires>
  <extension point="xbmc.python.pluginsource" library="menu.py">
  	<provides>video executable</provides>
  </extension>
  <extension point="xbmc.ui.screensaver" library="default.py" />
  <extension point="xbmc.addon.metadata">
    <provides>executable</provides>
    <platform>all</platform>
    <language>en</language>
  	<summary lang="en"></summary>
    <description lang="en">This is a ScreenSaver handles the Top TV Episodes for Today, Yesterday and Tomorrow from http://next-episode.net/</description>
    <disclaimer lang="en">By using this, you take reponsibility for anything that happens.  I take no responsibility for any problems this plugin might in any way, form, shape or size cause. This is project is for a LEARNING EXPERIANCE.</disclaimer>
    <forum></forum>
    <website></website>
    <source></source>
    <email></email>
  </extension>
</addon>
