<?xml version="1.0" encoding="UTF-8"?>
<addon id="plugin.video.tbh.cartoonworld"
       name="C[COLOR cornflowerblue]artoon [COLOR orange]World[/COLOR][/COLOR]"
       version="0.1.7"
       provider-name="The[COLOR tan]Highway[/COLOR]">
  <requires>
  	<import addon="xbmc.python" version="2.1.0"/>
  	<import addon="script.module.urlresolver" />
  	<import addon="script.module.metahandler" />
  	<import addon="script.module.addon.common" optional="true" />
  	<import addon="script.module.t0mm0.common" optional="true" />
  	<import addon="script.common.plugin.cache" optional="true" />
  </requires>
  <extension point="xbmc.python.pluginsource" library="aCartoonWorld.py">
  	<provides>video</provides>
  </extension>
  <extension point="xbmc.addon.metadata">
  	<summary></summary>
  	<description>Video Addon for CartoonWorld.tv.  Graphics by TwiztedZero and TheHighway.</description>
  	<disclaimer>By using this, you take reponsibility for anything that happens.  By using this, you also take resposibility for being older enough, and legal, to view any possible content.  Some parts of this addon may not be legal in your country of residence - please check with your local laws before installing. I take no responsibility for any problems this plugin might in any way, form, shape or size cause. This is project is for a LEARNING EXPERIANCE.</disclaimer>
  	<language>en</language>
  	<platform>all</platform>
  	<forum></forum>
  	<website></website>
  	<source></source>
  </extension>
</addon>