<?xml version="1.0" encoding="UTF-8"?>
<addon id="plugin.stream.vaughnlive.tv"
       name="Vaughn Live"
       version="0.0.1"
       provider-name="The[COLOR tan]Highway[/COLOR]">
  <requires>
  	<import addon="xbmc.python" version="2.1.0"/>
  	<import addon="script.module.urlresolver" optional="true" />
  	<import addon="script.module.metahandler" optional="true" />
  	<import addon="script.module.addon.common" optional="false" />
  	<import addon="script.common.plugin.cache" optional="false" />
  </requires>
  <extension point="xbmc.python.pluginsource" library="default.py">
  	<provides>video</provides>
  </extension>
  <extension point="xbmc.addon.metadata">
  	<summary>For PC with a Default Browser.</summary>
  	<description>Used to browse the site of Live Streams and allow you to launch your OS's default browser via XBMC's context menu(s) so to visit the channel's page, embed video, or embed chat.</description>
  	<disclaimer>By using this, you take reponsibility for anything that happens.</disclaimer>
  	<language>en</language>
  	<platform>all</platform>
    <forum>http://www.xbmchub.com/forums/thehighways-xbmc-addons/</forum>
    <website>http://www.xbmchub.com/</website>
    <source>https://github.com/HIGHWAY99/</source>
    <email></email>
  </extension>
</addon>