<?xml version="1.0" encoding="UTF-8"?>
<addon id="plugin.program.RepositoriesBrowser" provider-name="HIGHWAY99"
       version="0.0.5" name="XBMCHUB Repositories Browser">
  <requires>
  	<import addon="xbmc.python" version="2.1.0" />
  	<import addon="script.module.addon.common"  />
  	<import addon="script.module.pysqlite" optional="true" />
  	<import addon="script.module.sqlite" optional="true" />
  </requires>
  <extension point="xbmc.python.script" library="default.py">
    <provides>executable</provides>
  </extension>
  <extension point="xbmc.addon.metadata">
  	<summary></summary>
  	<description></description>
  	<disclaimer lang="en">This Project is designed for an xbmc v13.x (Alpha versions prior to Gotham Alpha-10).  I take no responsibility for any problems this plugin might in any way, form, shape or size cause.  This is project is for a LEARNING EXPERIANCE.</disclaimer>
  	<language>en</language>
  	<platform>all</platform>
  	<forum>http://www.xbmchub.com/forums/thehighways-xbmc-addons/</forum>
  	<website>http://www.xbmchub.com/</website>
  	<source></source>
  	<email></email>
  </extension>
</addon>
