<?xml version="1.0" encoding="UTF-8"?>
<addon id="plugin.video.kisscartoon"
       name="KissCartoon"
       version="0.9.8"
       provider-name="The[COLOR tan]Highway[/COLOR], Marquerite, konbon">
  <requires>
  	<import addon="xbmc.python" version="2.1.0"/>
  	<import addon="script.module.metahandler" />
  	<import addon="script.module.addon.common" optional="true" />
  	<import addon="script.common.plugin.cache"  />
  	<import addon="script.module.pysqlite" optional="true" />
  	<import addon="script.module.sqlite" optional="true" />
  	<import addon="script.module.myconnpy" optional="true" />
  	<import addon="script.module.t0mm0.common" optional="true" />
  </requires>
  <extension point="xbmc.python.pluginsource" library="default.py">
  	<provides>video</provides>
  </extension>
  <extension point="xbmc.addon.metadata">
  	<summary>Handles Videos for kisscartoon.me.  Graphics by TheHighway, Marquerite, and konbon.</summary>
  	<description>Play videos from kisscartoon.me.  This project has been ported from the current version of my own KissAnime addon.  This project may end up getting re-ported from my KissAnime Re-write project, once that gets finished.  Remember to check out KissCartoon.me's site whenever your at a PC.  Don't forget to try KissAnime.com for Anime and KissManga.com for Manga.</description>
  	<disclaimer>By using this, you take reponsibility for anything that happens.  By using this, you also take resposibility for being older enough, and legal, to view any possible content.  Some parts of this addon may not be legal in your country of residence - please check with your local laws before installing. I take no responsibility for any problems this plugin might in any way, form, shape or size cause. This is project is for a LEARNING EXPERIANCE.</disclaimer>
  	<language>en</language>
  	<platform>all</platform>
  	<forum></forum>
  	<website></website>
  	<source></source>
  </extension>
</addon>