<?xml version="1.0" encoding="utf-8"?>
<window>
  <defaultcontrol>9119</defaultcontrol>
  <allowoverlays>true</allowoverlays>
  <controls>
    <control type="image" id="101">
      <description>background image</description>
      <posx>0</posx>
      <posy>0</posy>
      <width>1280</width>
      <height>720</height>
      <fadetime>500</fadetime>
      <texture>black1.png</texture>
      <aspectratio>stretch</aspectratio>
      <visible>true</visible>
    </control>
    <control type="videowindow" id="102">
      <description>video preview window</description>
      <posx>0</posx>
      <posy>0</posy>
      <width>1280</width>
      <height>720</height>
      <visible>true</visible>
      <aspectratio>stretch</aspectratio>
    </control>
    <control type="image" id="103">
      <description>background border</description>
      <posx>0</posx>
      <posy>0</posy>
      <width>1280</width>
      <height>720</height>
      <aspectratio>stretch</aspectratio>
      <visible>true</visible>
    </control>
    <control type="group">
      <animation effect="fade" delay="400" start="0" end="100" time="200">WindowOpen</animation>
      <animation effect="fade" start="100" end="0" time="200">WindowClose</animation>
      <control type="edit" id="105">
        <description>Text Area</description>
        <posx>0</posx>
        <posy>40</posy>
        <width>1250</width>
        <height>680</height>
        <onup>109</onup>
        <ondown>109</ondown>
        <onright>106</onright>
        <label></label>
        <textcolor>FF00D0FF</textcolor>
        <shadowcolor>FF000000</shadowcolor>
        <disabledcolor>FF000000</disabledcolor>
        <invalidcolor>FF000000</invalidcolor>
        <font>font12</font>
        <align>left</align>
        <aligny>top</aligny>
        <scroll>true</scroll>
        <wrapmultiline>false</wrapmultiline>
        <haspath>false</haspath>
        <texturenofocus>black1.png</texturenofocus>
        <texturefocus>black1.png</texturefocus>
        <visible>true</visible>
        <pulseonselect>no</pulseonselect>
        <pagecontrol>106</pagecontrol>
      </control>
      <control type="scrollbar" id="106">
        <posx>1255</posx>
        <posy>40</posy>
        <width>25</width>
        <height>680</height>
        <texturesliderbackground border="0,14,0,14">ScrollBarV.png</texturesliderbackground>
        <texturesliderbar border="0,14,0,14">ScrollBarV_bar.png</texturesliderbar>
        <texturesliderbarfocus border="0,14,0,14">ScrollBarV_bar_focus.png</texturesliderbarfocus>
        <textureslidernib>ScrollBarNib.png</textureslidernib>
        <textureslidernibfocus>ScrollBarNib.png</textureslidernibfocus>
        <onleft>105</onleft>
        <onright>109</onright>
        <ondown>106</ondown>
        <onup>106</onup>
        <showonepage>true</showonepage>
        <orientation>vertical</orientation>
      </control>
    </control>
    <control type="edit" id="104">
      <description>File Path</description>
      <posx>0</posx>
      <posy>0</posy>
      <width>1280</width>
      <height>40</height>
      <onup>106</onup>
      <ondown>106</ondown>
      <onleft>108</onleft>
      <onright>110</onright>
      <label></label>
      <textcolor>FF00D0FF</textcolor>
      <font>font12</font>
      <align>left</align>
      <texture>list-focus2.png</texture>
      <texturenofocus>list-focus1.png</texturenofocus>
      <texturefocus>list-focus1.png</texturefocus>
      <aspectratio>stretch</aspectratio>
      <visible>true</visible>
      <haspath>true</haspath>
      <hinttext></hinttext>
    </control>
    <control type="button" id="108">
      <description>Exit Button</description>
      <posx>1240</posx>
      <posy>1</posy>
      <width>38</width>
      <height>38</height>
      <onup>106</onup>
      <ondown>106</ondown>
      <onleft>109</onleft>
      <onright>104</onright>
      <label>[B]X[/B]</label>
      <textcolor>FF666666</textcolor>
      <focusedcolor>FF6495ED</focusedcolor>
      <align>center</align>
      <aligny>center</aligny>
      <texturenofocus>fs2NF.png</texturenofocus>
      <texturefocus>fs2FO.png</texturefocus>
      <visible allowhiddenfocus="true">true</visible>
    </control>
    <control type="button" id="109">
      <description>Load Button</description>
      <posx>1200</posx>
      <posy>1</posy>
      <width>38</width>
      <height>38</height>
      <onup>106</onup>
      <ondown>106</ondown>
      <onleft>110</onleft>
      <onright>108</onright>
      <label>[B]L[/B]</label>
      <textcolor>FF666666</textcolor>
      <focusedcolor>FF6495ED</focusedcolor>
      <align>center</align>
      <aligny>center</aligny>
      <texturenofocus>fs2NF.png</texturenofocus>
      <texturefocus>fs2FO.png</texturefocus>
      <visible allowhiddenfocus="true">true</visible>
    </control>
    <control type="button" id="110">
      <description>Save Button</description>
      <posx>1160</posx>
      <posy>1</posy>
      <width>38</width>
      <height>38</height>
      <onup>106</onup>
      <ondown>106</ondown>
      <onleft>104</onleft>
      <onright>109</onright>
      <label>[B]S[/B]</label>
      <textcolor>FF666666</textcolor>
      <focusedcolor>FF6495ED</focusedcolor>
      <align>center</align>
      <aligny>center</aligny>
      <texturenofocus>fs2NF.png</texturenofocus>
      <texturefocus>fs2FO.png</texturefocus>
      <visible allowhiddenfocus="true">true</visible>
    </control>
  </controls>
</window>