<?xml version="1.0" encoding="UTF-8"?>
<addon id="plugin.video.kissanime"
       name="KissAnime"
       version="0.5.8"
       provider-name="The[COLOR tan]Highway[/COLOR]">
  <requires>
  	<import addon="xbmc.python" version="2.1.0"/>
  	<import addon="script.module.metahandler" version="2.0.0"/>
  	<import addon="script.module.addon.common" version="2.0.0"/>
  </requires>
  <extension point="xbmc.python.pluginsource" library="default.py">
  	<provides>video</provides>
  </extension>
  <extension point="xbmc.addon.metadata">
  	<summary>Handles Videos for kissanime.com.  New Graphics by Marquerite.</summary>
  	<description>Play videos from kissanime.com.  New Graphics by Marquerite.  Remember to check out KissAnime.com's site whenever your at a PC.  They have added a mobile version setup for -some- mobile devices.  It looks like it'll be a nice feature for them, and I encourage you to check it out @ kissanime.com/M with a compatible mobile device.  PCs and Other Devices will forward to the main site.</description>
  	<disclaimer lang="en">This Project is designed for xbmc v13.x originally and currently being kept up on one of the nightly xbmcc v13.x builds. It gets a slight bit of testing as I use it myself, a LOT, on a Windows 7 OS. Any other OS's / builds of xbmc have not be tested on yet, but I do feel free to try and test it out on them. Some parts of this addon may not be legal in your country of residence - please check with your local laws before installing. I take no responsibility for any problems this plugin might in any way, form, shape or size cause. This is project is for a LEARNING EXPERIANCE.</disclaimer>
  	<language>en</language>
  	<platform>all</platform>
  	<forum>http://www.xbmchub.com/forums/thehighways-xbmc-addons/</forum>
  	<website>http://www.kissanime.com/</website>
  	<source>https://github.com/HIGHWAY99/plugin.video.kissanime/</source>
  </extension>
</addon>