<?xml version="1.0" encoding="UTF-8" standalone="yes"?>
<addon id="screensaver.drp" name="Dr Pepper Screensaver" version="0.1.1" provider-name="The[COLOR tan]Highway[/COLOR]" >
  <requires>
     <import addon="xbmc.python" version="2.1.0" />
     <import addon="xbmc.addon"  version="12.0.0" />
  </requires>
  <extension point="xbmc.ui.screensaver" library="default.py" />
  <extension point="xbmc.addon.metadata">
    <provides>executable</provides>
    <platform>all</platform>
    <language>en</language>
  	<summary lang="en">One of my favoriate flavors!</summary>
    <description lang="en">This is a ScreenSaver that makes use of multiple image when prompted to start the screensaver.</description>
    <disclaimer lang="en">By using this, you take reponsibility for anything that happens.  I take no responsibility for any problems this plugin might in any way, form, shape or size cause. This is project is for a LEARNING EXPERIANCE.</disclaimer>
    <forum></forum>
    <website></website>
    <source></source>
    <email></email>
  </extension>
</addon>
