<?xml version="1.0" encoding="UTF-8"?>
<addon id="plugin.video.kissanime"
       name="KissAnime"
       version="0.9.10"
       provider-name="The[COLOR tan]Highway[/COLOR], Marquerite">
  <requires>
  	<import addon="xbmc.python" version="2.1.0"/>
  	<import addon="script.module.metahandler" />
  	<import addon="script.module.addon.common" optional="true" />
  	<import addon="script.common.plugin.cache"  />
  	<import addon="script.module.pysqlite" optional="true" />
  	<import addon="script.module.sqlite" optional="true" />
  	<import addon="script.module.myconnpy" optional="true" />
  	<import addon="script.module.t0mm0.common" optional="true" />
  </requires>
  <extension point="xbmc.python.pluginsource" library="default.py">
  	<provides>video</provides>
  </extension>
  <extension point="xbmc.addon.metadata">
  	<summary>Handles Videos for kissanime.com.  New Graphics by Marquerite.</summary>
  	<description>Play videos from kissanime.com.  New Graphics by Marquerite.  Remember to check out KissAnime.com's site whenever your at a PC.  They have added a mobile version setup for -some- mobile devices.  It looks like it'll be a nice feature for them, and I encourage you to check it out @ kissanime.com/M with a compatible mobile device.  PCs and Other Devices will forward to the main site.</description>
  	<disclaimer>By using this, you take reponsibility for anything that happens.  By using this, you also take resposibility for being older enough, and legal, to view any possible content.  Some parts of this addon may not be legal in your country of residence - please check with your local laws before installing. I take no responsibility for any problems this plugin might in any way, form, shape or size cause. This is project is for a LEARNING EXPERIANCE.</disclaimer>
  	<language>en</language>
  	<platform>all</platform>
  	<forum></forum>
  	<website></website>
  	<source></source>
  </extension>
</addon>