<?xml version="1.0" encoding="UTF-8"?>
<addon id="plugin.video.tbh.watchseries"
       name="Watch Series Plus"
       version="0.0.6"
       provider-name="The[COLOR tan]Highway[/COLOR]">
  <requires>
  	<import addon="xbmc.python" version="2.1.0"/>
  	<import addon="script.module.urlresolver" />
  	<import addon="script.module.metahandler" />
  	<import addon="script.module.addon.common" optional="true" />
  	<import addon="script.common.plugin.cache" optional="true" />
  	<import addon="script.module.t0mm0.common" optional="true" />
  </requires>
  <extension point="xbmc.python.pluginsource" library="default.py">
  	<provides>video</provides>
  </extension>
  <extension point="xbmc.addon.metadata">
  	<summary></summary>
  	<description>Adjust the domain in settings for the different sites.  One site is for Spanish content.</description>
  	<description lang="es">Adjust the domain in settings to spainseries.tl for Spanish Content.</description>
  	<description lang="es_AR">Adjust the domain in settings to spainseries.tl for Spanish Content.</description>
  	<description lang="es_MX">Adjust the domain in settings to spainseries.tl for Spanish Content.</description>
  	<description lang="es_VE">Adjust the domain in settings to spainseries.tl for Spanish Content.</description>
  	<disclaimer>By using this, you take reponsibility for anything that happens.  Some parts of this addon may not be legal in your country of residence - please check with your local laws before installing. I take no responsibility for any problems this plugin might in any way, form, shape or size cause. This is project is for a LEARNING EXPERIANCE.</disclaimer>
  	<language>en en_AU en_NZ en_US es es_AR es_MX es_VE</language>
  	<platform>all</platform>
    <forum></forum>
    <website></website>
    <source></source>
    <email></email>
  </extension>
</addon>