<?xml version="1.0" encoding="UTF-8"?>
<addon id="plugin.stream.vaughnlive.tv"
       name="Vaughn Live"
       version="0.1.2"
       provider-name="The[COLOR tan]Highway[/COLOR], Shani">
  <requires>
  	<import addon="xbmc.python" version="2.1.0"/>
  	<import addon="script.module.addon.common" optional="false" />
  	<import addon="script.common.plugin.cache" optional="false" />
  	<import addon="script.module.t0mm0.common" optional="true" />
  </requires>
  <extension point="xbmc.python.pluginsource" library="default.py">
  	<provides>video</provides>
  </extension>
  <extension point="xbmc.addon.metadata">
  	<summary>For PC with a Default Browser.  Streams are now playable in KODI (XBMC).</summary>
  	<description>Used to browse the site of Live Streams and allow you to launch your OS's default browser via XBMC's context menu(s) so to visit the channel's page, embed video, or embed chat.  Streams are now playable in KODI (XBMC).  IRC Chat Channel: #TVADDONS @ chat.freenode.net</description>
  	<disclaimer>By using this, you take reponsibility for anything that happens.</disclaimer>
  	<language>en</language>
  	<platform>all</platform>
    <forum>http://forums.tvaddons.ag/forums/143-THEHIGHWAY-S-XBMC-ADDONS</forum>
    <website>http://www.tvaddons.ag/</website>
    <source>http://github.com/HIGHWAY99/plugin.stream.vaughnlive.tv/</source>
    <email></email>
  </extension>
</addon>