<?xml version="1.0" encoding="UTF-8" standalone="yes"?>
<addon id="script.module.t0mm0.common" 
	     name="t0mm0's common stuff" 
	     version="1.1.0" 
	     provider-name="t0mm0">
  <requires>
    <import addon="xbmc.python" version="2.0" />
  </requires>
  <extension point="xbmc.python.module" library="lib" />
  <extension point="xbmc.addon.metadata">
    <platform>all</platform>
    <summary lang="en">Collection of commonly used addon routines</summary>
    <description lang="en">Collection of commonly used addon routines to simplify addon development.</description>
  </extension>
</addon>
