<?xml version="1.0" encoding="UTF-8"?>
<addon id="plugin.video.merdb"
       name="MerDB.cn"
       version="0.3.7"
       provider-name="The[COLOR tan]Highway[/COLOR]">
  <requires>
  	<import addon="xbmc.python" version="2.1.0"/>
  	<import addon="script.module.urlresolver" />
  	<import addon="script.module.addon.common" />
  	<import addon="script.module.metahandler" />
  </requires>
  <extension point="xbmc.python.pluginsource" library="default.py">
  	<provides>video</provides>
  </extension>
  <extension point="xbmc.addon.metadata">
  	<summary>Play Videos @ MerDB.cn.</summary>
  	<description>Play Videos @ MerDB.cn.</description>
  	<disclaimer>By using this, you take reponsibility for anything that happens.  Some parts of this addon may not be legal in your country of residence - please check with your local laws before installing. I take no responsibility for any problems this plugin might in any way, form, shape or size cause. This is project is for a LEARNING EXPERIANCE.</disclaimer>
  	<language>en</language>
  	<platform>all</platform>
  	<forum>http://forums.tvaddons.ag/threads/17754-Release-MerDB-ru</forum>
  	<website>http://www.tvaddons.ag/</website>
  </extension>
</addon>