<?xml version="1.0" encoding="UTF-8" standalone="yes"?>
<window type="window">
    <!--backgroundcolor>0x00000000</backgroundcolor-->
    <!--animation effect="fade" time="16000">WindowOpen</animation-->
    <!--animation type="WindowOpen">
        <effect type="fade" time="16000" />
        <effect type="rotatey" start="-160" end="0" time="16000" />
    </animation-->
    <controls>
        <control type="image" id="100">
            <description>Background Layer 1 Bottom</description>
            <posx>0</posx>
            <posy>0</posy>
            <width>ScreenWidth</width>
            <height>ScreenHeight</height>
            <texture>blank1.png</texture>
        </control>
        <control type="image" id="101">
            <description>Background Layer 2 Top</description>
            <!--animation effect="rotatey" start="-160" end="0" time="16000">WindowOpen</animation-->
            <!--animation effect="fade" time="2000">Visible</animation-->
            <!--animation effect="fade" time="8000">Hidden</animation-->
            <posx>0</posx>
            <posy>0</posy>
            <width>ScreenWidth</width>
            <height>ScreenHeight</height>
            <texture>blank1.png</texture>
            <aspectratio scalediffuse="false" align="center" aligny="top">stretch</aspectratio>
        </control>
        <control type="label" id="103">
            <description>Label for Category</description>
            <posx>0</posx>
            <posy>10</posy>
            <width>ScreenWidth</width>
            <height>40</height>
            <label></label>
            <textcolor>FFFF0000</textcolor>
            <shadowcolor>FF000000</shadowcolor>
            <wrapmultiline>false</wrapmultiline>
            <font>font16</font>
            <visible>true</visible>
            <align>left</align>
            <aligny>top</aligny>
            <scroll>false</scroll>
        </control>
        <control type="label" id="104">
            <description>Label for Show Title</description>
            <posx>0</posx>
            <posy>10</posy>
            <width>ScreenWidth</width>
            <height>40</height>
            <label></label>
            <textcolor>FFFF0000</textcolor>
            <shadowcolor>FF7991C4</shadowcolor>
            <wrapmultiline>false</wrapmultiline>
            <font>font16</font>
            <visible>true</visible>
            <align>right</align>
            <aligny>top</aligny>
            <scroll>false</scroll>
        </control>
        <control type="label" id="105">
            <description>Label for Season x Episode</description>
            <posx>0</posx>
            <posy>50r</posy>
            <width>ScreenWidth</width>
            <height>40</height>
            <label></label>
            <textcolor>FFFF0000</textcolor>
            <shadowcolor>FFFF0000</shadowcolor>
            <wrapmultiline>false</wrapmultiline>
            <font>font16</font>
            <visible>true</visible>
            <align>left</align>
            <aligny>bottom</aligny>
            <scroll>false</scroll>
        </control>
        <control type="label" id="106">
            <description>Label for Episode Title</description>
            <posx>0</posx>
            <posy>50r</posy>
            <width>ScreenWidth</width>
            <height>40</height>
            <label></label>
            <textcolor>FFFF0000</textcolor>
            <shadowcolor>FF000000</shadowcolor>
            <wrapmultiline>false</wrapmultiline>
            <font>font16</font>
            <visible>true</visible>
            <align>right</align>
            <aligny>bottom</aligny>
            <scroll>false</scroll>
        </control>
    </controls>
</window>
