<?xml version="1.0" encoding="UTF-8"?>
<addon id="plugin.video.juastanimestream"
       name="J[COLOR green]ust[/COLOR]A[COLOR white]nime[/COLOR]S[COLOR cornflowerblue]tream[/COLOR]"
       version="0.0.1"
       provider-name="The[COLOR tan]Highway[/COLOR]">
  <requires>
  	<import addon="xbmc.python" version="2.1.0"/>
  	<import addon="script.module.urlresolver" version="2.1.2"/>
  	<import addon="script.module.metahandler" version="2.0.0"/>
  	<import addon="script.module.addon.common" version="2.0.0"/>
  </requires>
  <extension point="xbmc.python.pluginsource" library="aJustAnimeStream.py">
  	<provides>video</provides>
  </extension>
  <extension point="xbmc.addon.metadata">
  	<summary>Addon for JustAnimeStream suggested by darkorical via IRC Chat.</summary>
  	<description>Video Addon for JustAnimeStream.net.  Graphics by Marquerite and TheHighway.</description>
  	<disclaimer>This Project is designed for xbmc v13.x originally and currently being kept up on one of the nightly xbmcc v13.x builds. It gets a slight bit of testing as I use it myself, a LOT, on a Windows 7 OS. Any other OS's / builds of xbmc have not be tested on yet, but I do feel free to try and test it out on them. Some parts of this addon may not be legal in your country of residence - please check with your local laws before installing. I take no responsibility for any problems this plugin might in any way, form, shape or size cause. This is project is for a LEARNING EXPERIANCE.</disclaimer>
  	<language>en</language>
  	<platform>all</platform>
    <forum>http://www.xbmchub.com/forums/thehighways-xbmc-addons/</forum>
    <website>http://www.xbmchub.com/</website>
    <source>https://github.com/HIGHWAY99/</source>
  </extension>
</addon>