<?xml version="1.0" encoding="UTF-8"?>
<addon
  id="skin.confluence.hwy2015"
  version="2.5.9.001"
  name="Confluence - hwy2015 Mod by TheHighway"
  provider-name="Jezz_X, Team Kodi">
  <requires>
    <import addon="xbmc.gui" version="5.3.0"/>
  </requires>
  <extension
    point="xbmc.gui.skin"
    defaultthemename="textures.xbt"
    debugging="false"
    effectslowdown="0.75">
    <res width="1280" height="720" aspect="16:9" default="true" folder="720p" />
  </extension>
  <extension point="xbmc.addon.metadata">
    <summary>This is a MODDED version of the default skin, Confluence.</summary>
    <description>Modded version of Confluence skin.  25 shortcuts for videos, 10 for the rest. Debug graph included.</description>
  	<disclaimer>By using this, you take reponsibility for anything that happens.</disclaimer>
    <platform>all</platform>
  </extension>
</addon>
