<?xml version="1.0" encoding="UTF-8"?>
<addon id="script.game.connect4"
       version="0.1.4" name="Connect 4"
       provider-name="The[COLOR tan]Highway[/COLOR]">
  <requires>
  	<import addon="xbmc.python" version="2.1.0"/>
  	<import addon="script.module.t0mm0.common" version="1.0.0"/>
  </requires>
  <extension point="xbmc.python.script" library="default.py">
    <provides>executable game</provides>
  </extension>
  <extension point="xbmc.addon.metadata">
  	<summary>Game - Connect 4</summary>
  	<description>Game - Connect 4.  Currently for 2 human players via a single device with a mouse-like controller that can click on the buttons (top row).</description>
  	<disclaimer lang="en">This Project is designed for an xbmc v13.x (Alpha versions prior to Gotham Alpha-10).  I take no responsibility for any problems this plugin might in any way, form, shape or size cause.  This is project is for a LEARNING EXPERIANCE.</disclaimer>
  	<language>en</language>
  	<platform>all</platform>
  	<forum>http://www.xbmchub.com/forums/</forum>
  	<website>http://www.xbmchub.com/</website>
  	<email></email>
  </extension>
</addon>